[
{
  "model": "cart.cart",
  "pk": 65,
  "fields": {
    "user": 21,
    "product": 11,
    "quantity": 1,
    "added_at": "2025-10-22T06:05:30.810Z",
    "ordered": false
  }
},
{
  "model": "cart.cart",
  "pk": 72,
  "fields": {
    "user": 22,
    "product": 7,
    "quantity": 1,
    "added_at": "2025-10-23T09:37:18.964Z",
    "ordered": false
  }
},
{
  "model": "cart.cart",
  "pk": 73,
  "fields": {
    "user": 22,
    "product": 1,
    "quantity": 1,
    "added_at": "2025-10-23T09:37:36.451Z",
    "ordered": false
  }
},
{
  "model": "cart.cart",
  "pk": 82,
  "fields": {
    "user": 2,
    "product": 2,
    "quantity": 1,
    "added_at": "2025-11-14T05:52:32.311Z",
    "ordered": false
  }
},
{
  "model": "cart.cart",
  "pk": 83,
  "fields": {
    "user": 2,
    "product": 3,
    "quantity": 1,
    "added_at": "2025-11-14T05:53:18.297Z",
    "ordered": false
  }
},
{
  "model": "cart.cart",
  "pk": 88,
  "fields": {
    "user": 29,
    "product": 15,
    "quantity": 1,
    "added_at": "2026-05-23T11:39:48.546Z",
    "ordered": false
  }
},
{
  "model": "cart.address",
  "pk": 3,
  "fields": {
    "user": 6,
    "full_name": "gayathri",
    "phone": "8309836008",
    "address_line1": "Rao and Naidu Engineering College,",
    "address_line2": "Ramnagar,ambedkar colony",
    "city": "ONGOLE",
    "state": "Andhra Pradesh",
    "pincode": "523001",
    "country": "India",
    "default": false
  }
},
{
  "model": "cart.address",
  "pk": 4,
  "fields": {
    "user": 2,
    "full_name": "gayathri",
    "phone": "8309836008",
    "address_line1": "Rao and Naidu Engineering College,",
    "address_line2": "Ramnagar,ambedkar colony",
    "city": "ONGOLE",
    "state": "Andhra Pradesh",
    "pincode": "523001",
    "country": "India",
    "default": false
  }
},
{
  "model": "cart.address",
  "pk": 5,
  "fields": {
    "user": 2,
    "full_name": "malaika",
    "phone": "8309836008",
    "address_line1": "Rao and Naidu Engineering College,",
    "address_line2": "Ramnagar,ambedkar colony",
    "city": "ONGOLE",
    "state": "Andhra Pradesh",
    "pincode": "523001",
    "country": "India",
    "default": false
  }
},
{
  "model": "cart.address",
  "pk": 6,
  "fields": {
    "user": 14,
    "full_name": "pavs",
    "phone": "6309242479",
    "address_line1": "123",
    "address_line2": "3456",
    "city": "on",
    "state": "ee",
    "pincode": "523225",
    "country": "India",
    "default": false
  }
},
{
  "model": "cart.address",
  "pk": 7,
  "fields": {
    "user": 20,
    "full_name": "vijayalakshmi",
    "phone": "8309836008",
    "address_line1": "Rao and Naidu Engineering College,",
    "address_line2": "Ramnagar,ambedkar colony",
    "city": "ONGOLE",
    "state": "Andhra Pradesh",
    "pincode": "523001",
    "country": "India",
    "default": false
  }
},
{
  "model": "cart.address",
  "pk": 8,
  "fields": {
    "user": 21,
    "full_name": "vijayalakshmi",
    "phone": "6309242479",
    "address_line1": "Rao and Naidu Engineering College,",
    "address_line2": "Ramnagar,ambedkar colony",
    "city": "ONGOLE",
    "state": "Andhra Pradesh",
    "pincode": "523001",
    "country": "India",
    "default": false
  }
},
{
  "model": "cart.address",
  "pk": 9,
  "fields": {
    "user": 22,
    "full_name": "malaika",
    "phone": "6309242479",
    "address_line1": "Rao and Naidu Engineering College,",
    "address_line2": "Ramnagar,ambedkar colony",
    "city": "ONGOLE",
    "state": "Andhra Pradesh",
    "pincode": "523001",
    "country": "India",
    "default": false
  }
},
{
  "model": "cart.address",
  "pk": 10,
  "fields": {
    "user": 5,
    "full_name": "pavani dontula",
    "phone": "6309242479",
    "address_line1": "Rao and Naidu Engineering College,",
    "address_line2": "Ramnagar,ambedkar colony",
    "city": "ONGOLE",
    "state": "Andhra Pradesh",
    "pincode": "523001",
    "country": "India",
    "default": false
  }
},
{
  "model": "cart.address",
  "pk": 11,
  "fields": {
    "user": 28,
    "full_name": "gouwtham",
    "phone": "8309836008",
    "address_line1": "Rao and Naidu Engineering College,",
    "address_line2": "Ramnagar,ambedkar colony",
    "city": "ONGOLE",
    "state": "Andhra Pradesh",
    "pincode": "523001",
    "country": "India",
    "default": false
  }
},
{
  "model": "cart.address",
  "pk": 12,
  "fields": {
    "user": 29,
    "full_name": "kavya.makineni",
    "phone": "8309836008",
    "address_line1": "kothapeta bazar",
    "address_line2": null,
    "city": "chimakurthy",
    "state": "Andhra Pradesh",
    "pincode": "523226",
    "country": "India",
    "default": false
  }
},
{
  "model": "cart.order",
  "pk": 1,
  "fields": {
    "user": 6,
    "phone": null,
    "address": null,
    "payment_method": "COD",
    "total": "0.00",
    "created_at": "2025-10-19T11:08:54.235Z",
    "status": "Pending"
  }
},
{
  "model": "cart.order",
  "pk": 2,
  "fields": {
    "user": 6,
    "phone": null,
    "address": null,
    "payment_method": "COD",
    "total": "0.00",
    "created_at": "2025-10-19T11:12:40.017Z",
    "status": "Pending"
  }
},
{
  "model": "cart.order",
  "pk": 3,
  "fields": {
    "user": 6,
    "phone": null,
    "address": null,
    "payment_method": "COD",
    "total": "0.00",
    "created_at": "2025-10-19T11:26:53.779Z",
    "status": "Pending"
  }
},
{
  "model": "cart.order",
  "pk": 4,
  "fields": {
    "user": 6,
    "phone": null,
    "address": null,
    "payment_method": "COD",
    "total": "0.00",
    "created_at": "2025-10-19T11:43:46.576Z",
    "status": "Pending"
  }
},
{
  "model": "cart.order",
  "pk": 5,
  "fields": {
    "user": 6,
    "phone": null,
    "address": null,
    "payment_method": "COD",
    "total": "0.00",
    "created_at": "2025-10-19T11:43:51.111Z",
    "status": "Pending"
  }
},
{
  "model": "cart.order",
  "pk": 6,
  "fields": {
    "user": 6,
    "phone": null,
    "address": null,
    "payment_method": "COD",
    "total": "0.00",
    "created_at": "2025-10-19T11:44:01.610Z",
    "status": "Pending"
  }
},
{
  "model": "cart.order",
  "pk": 7,
  "fields": {
    "user": 6,
    "phone": null,
    "address": 3,
    "payment_method": "COD",
    "total": "0.00",
    "created_at": "2025-10-19T13:33:15.669Z",
    "status": "COD"
  }
},
{
  "model": "cart.order",
  "pk": 8,
  "fields": {
    "user": 6,
    "phone": null,
    "address": 3,
    "payment_method": "COD",
    "total": "0.00",
    "created_at": "2025-10-19T13:40:19.724Z",
    "status": "COD"
  }
},
{
  "model": "cart.order",
  "pk": 9,
  "fields": {
    "user": 6,
    "phone": null,
    "address": 3,
    "payment_method": "COD",
    "total": "0.00",
    "created_at": "2025-10-19T13:56:15.659Z",
    "status": "COD"
  }
},
{
  "model": "cart.order",
  "pk": 10,
  "fields": {
    "user": 6,
    "phone": null,
    "address": 3,
    "payment_method": "COD",
    "total": "0.00",
    "created_at": "2025-10-19T13:57:07.520Z",
    "status": "COD"
  }
},
{
  "model": "cart.order",
  "pk": 11,
  "fields": {
    "user": 6,
    "phone": null,
    "address": 3,
    "payment_method": "COD",
    "total": "0.00",
    "created_at": "2025-10-19T14:00:40.301Z",
    "status": "COD"
  }
},
{
  "model": "cart.order",
  "pk": 12,
  "fields": {
    "user": 2,
    "phone": null,
    "address": 4,
    "payment_method": "COD",
    "total": "0.00",
    "created_at": "2025-10-20T03:54:39.479Z",
    "status": "COD"
  }
},
{
  "model": "cart.order",
  "pk": 13,
  "fields": {
    "user": 2,
    "phone": null,
    "address": 4,
    "payment_method": "COD",
    "total": "0.00",
    "created_at": "2025-10-20T04:13:08.178Z",
    "status": "COD"
  }
},
{
  "model": "cart.order",
  "pk": 14,
  "fields": {
    "user": 2,
    "phone": null,
    "address": 4,
    "payment_method": "COD",
    "total": "0.00",
    "created_at": "2025-10-20T04:13:29.709Z",
    "status": "COD"
  }
},
{
  "model": "cart.order",
  "pk": 15,
  "fields": {
    "user": 2,
    "phone": null,
    "address": 4,
    "payment_method": "COD",
    "total": "0.00",
    "created_at": "2025-10-20T04:15:35.788Z",
    "status": "COD"
  }
},
{
  "model": "cart.order",
  "pk": 16,
  "fields": {
    "user": 2,
    "phone": null,
    "address": 4,
    "payment_method": "COD",
    "total": "0.00",
    "created_at": "2025-10-20T04:17:17.884Z",
    "status": "COD"
  }
},
{
  "model": "cart.order",
  "pk": 17,
  "fields": {
    "user": 2,
    "phone": null,
    "address": 4,
    "payment_method": "COD",
    "total": "0.00",
    "created_at": "2025-10-20T04:29:32.504Z",
    "status": "COD"
  }
},
{
  "model": "cart.order",
  "pk": 18,
  "fields": {
    "user": 2,
    "phone": null,
    "address": 4,
    "payment_method": "COD",
    "total": "0.00",
    "created_at": "2025-10-20T04:48:24.706Z",
    "status": "COD"
  }
},
{
  "model": "cart.order",
  "pk": 19,
  "fields": {
    "user": 2,
    "phone": null,
    "address": 4,
    "payment_method": "COD",
    "total": "0.00",
    "created_at": "2025-10-20T04:51:33.753Z",
    "status": "COD"
  }
},
{
  "model": "cart.order",
  "pk": 20,
  "fields": {
    "user": 2,
    "phone": null,
    "address": 4,
    "payment_method": "COD",
    "total": "0.00",
    "created_at": "2025-10-20T04:56:56.718Z",
    "status": "COD"
  }
},
{
  "model": "cart.order",
  "pk": 21,
  "fields": {
    "user": 2,
    "phone": null,
    "address": 4,
    "payment_method": "COD",
    "total": "0.00",
    "created_at": "2025-10-20T04:57:15.885Z",
    "status": "COD"
  }
},
{
  "model": "cart.order",
  "pk": 22,
  "fields": {
    "user": 2,
    "phone": null,
    "address": 4,
    "payment_method": "COD",
    "total": "0.00",
    "created_at": "2025-10-20T05:37:30.969Z",
    "status": "COD"
  }
},
{
  "model": "cart.order",
  "pk": 23,
  "fields": {
    "user": 2,
    "phone": null,
    "address": 4,
    "payment_method": "COD",
    "total": "0.00",
    "created_at": "2025-10-20T05:37:48.393Z",
    "status": "COD"
  }
},
{
  "model": "cart.order",
  "pk": 24,
  "fields": {
    "user": 2,
    "phone": null,
    "address": 4,
    "payment_method": "COD",
    "total": "0.00",
    "created_at": "2025-10-20T05:40:36.031Z",
    "status": "COD"
  }
},
{
  "model": "cart.order",
  "pk": 25,
  "fields": {
    "user": 2,
    "phone": null,
    "address": 5,
    "payment_method": "COD",
    "total": "0.00",
    "created_at": "2025-10-20T05:41:33.834Z",
    "status": "COD"
  }
},
{
  "model": "cart.order",
  "pk": 26,
  "fields": {
    "user": 2,
    "phone": null,
    "address": 4,
    "payment_method": "COD",
    "total": "0.00",
    "created_at": "2025-10-20T17:17:22.677Z",
    "status": "COD"
  }
},
{
  "model": "cart.order",
  "pk": 27,
  "fields": {
    "user": 2,
    "phone": null,
    "address": 5,
    "payment_method": "COD",
    "total": "0.00",
    "created_at": "2025-10-20T17:18:08.264Z",
    "status": "COD"
  }
},
{
  "model": "cart.order",
  "pk": 28,
  "fields": {
    "user": 2,
    "phone": null,
    "address": 4,
    "payment_method": "COD",
    "total": "599.00",
    "created_at": "2025-10-21T05:02:33.299Z",
    "status": "Pending"
  }
},
{
  "model": "cart.order",
  "pk": 29,
  "fields": {
    "user": 6,
    "phone": null,
    "address": 3,
    "payment_method": "COD",
    "total": "499.00",
    "created_at": "2025-10-21T05:03:51.485Z",
    "status": "Pending"
  }
},
{
  "model": "cart.order",
  "pk": 30,
  "fields": {
    "user": 6,
    "phone": null,
    "address": 3,
    "payment_method": "COD",
    "total": "1400.00",
    "created_at": "2025-10-21T05:04:39.013Z",
    "status": "Pending"
  }
},
{
  "model": "cart.order",
  "pk": 31,
  "fields": {
    "user": 6,
    "phone": null,
    "address": 3,
    "payment_method": "COD",
    "total": "3399.00",
    "created_at": "2025-10-21T13:27:18.809Z",
    "status": "Pending"
  }
},
{
  "model": "cart.order",
  "pk": 32,
  "fields": {
    "user": 6,
    "phone": null,
    "address": 3,
    "payment_method": "COD",
    "total": "1497.00",
    "created_at": "2025-10-21T13:28:47.749Z",
    "status": "Pending"
  }
},
{
  "model": "cart.order",
  "pk": 33,
  "fields": {
    "user": 6,
    "phone": null,
    "address": 3,
    "payment_method": "COD",
    "total": "2000.00",
    "created_at": "2025-10-21T13:29:05.134Z",
    "status": "Pending"
  }
},
{
  "model": "cart.order",
  "pk": 34,
  "fields": {
    "user": 14,
    "phone": null,
    "address": 6,
    "payment_method": "COD",
    "total": "1399.00",
    "created_at": "2025-10-21T13:57:04.670Z",
    "status": "Pending"
  }
},
{
  "model": "cart.order",
  "pk": 35,
  "fields": {
    "user": 2,
    "phone": null,
    "address": 4,
    "payment_method": "COD",
    "total": "3000.00",
    "created_at": "2025-10-21T14:14:44.926Z",
    "status": "Pending"
  }
},
{
  "model": "cart.order",
  "pk": 36,
  "fields": {
    "user": 14,
    "phone": null,
    "address": 6,
    "payment_method": "COD",
    "total": "2000.00",
    "created_at": "2025-10-22T02:53:49.598Z",
    "status": "Pending"
  }
},
{
  "model": "cart.order",
  "pk": 37,
  "fields": {
    "user": 20,
    "phone": null,
    "address": 7,
    "payment_method": "Online",
    "total": "700.00",
    "created_at": "2025-10-22T05:28:40.118Z",
    "status": "Pending"
  }
},
{
  "model": "cart.order",
  "pk": 38,
  "fields": {
    "user": 21,
    "phone": null,
    "address": 8,
    "payment_method": "COD",
    "total": "3000.00",
    "created_at": "2025-10-22T05:48:22.447Z",
    "status": "Pending"
  }
},
{
  "model": "cart.order",
  "pk": 39,
  "fields": {
    "user": 21,
    "phone": null,
    "address": 8,
    "payment_method": "COD",
    "total": "350.00",
    "created_at": "2025-10-22T06:04:26.448Z",
    "status": "Pending"
  }
},
{
  "model": "cart.order",
  "pk": 40,
  "fields": {
    "user": 22,
    "phone": null,
    "address": 9,
    "payment_method": "COD",
    "total": "999.00",
    "created_at": "2025-10-23T08:39:10.316Z",
    "status": "Pending"
  }
},
{
  "model": "cart.order",
  "pk": 41,
  "fields": {
    "user": 22,
    "phone": null,
    "address": 9,
    "payment_method": "COD",
    "total": "2000.00",
    "created_at": "2025-10-23T08:49:00.483Z",
    "status": "Pending"
  }
},
{
  "model": "cart.order",
  "pk": 42,
  "fields": {
    "user": 22,
    "phone": null,
    "address": 9,
    "payment_method": "COD",
    "total": "600.00",
    "created_at": "2025-10-23T09:03:46.780Z",
    "status": "Pending"
  }
},
{
  "model": "cart.order",
  "pk": 43,
  "fields": {
    "user": 5,
    "phone": null,
    "address": 10,
    "payment_method": "COD",
    "total": "350.00",
    "created_at": "2025-10-27T10:11:29.113Z",
    "status": "Pending"
  }
},
{
  "model": "cart.order",
  "pk": 44,
  "fields": {
    "user": 2,
    "phone": null,
    "address": 4,
    "payment_method": "COD",
    "total": "1399.00",
    "created_at": "2025-10-30T09:56:15.431Z",
    "status": "Pending"
  }
},
{
  "model": "cart.order",
  "pk": 45,
  "fields": {
    "user": 2,
    "phone": null,
    "address": 4,
    "payment_method": "COD",
    "total": "4400.00",
    "created_at": "2025-10-30T10:28:50.096Z",
    "status": "Pending"
  }
},
{
  "model": "cart.order",
  "pk": 46,
  "fields": {
    "user": 2,
    "phone": null,
    "address": 4,
    "payment_method": "COD",
    "total": "599.00",
    "created_at": "2025-10-31T04:50:24.894Z",
    "status": "Pending"
  }
},
{
  "model": "cart.order",
  "pk": 47,
  "fields": {
    "user": 2,
    "phone": null,
    "address": 4,
    "payment_method": "COD",
    "total": "599.00",
    "created_at": "2025-11-08T08:55:32.703Z",
    "status": "Pending"
  }
},
{
  "model": "cart.order",
  "pk": 48,
  "fields": {
    "user": 2,
    "phone": null,
    "address": 4,
    "payment_method": "COD",
    "total": "700.00",
    "created_at": "2025-11-14T05:53:40.960Z",
    "status": "Pending"
  }
},
{
  "model": "cart.order",
  "pk": 49,
  "fields": {
    "user": 28,
    "phone": null,
    "address": 11,
    "payment_method": "COD",
    "total": "5900.00",
    "created_at": "2025-11-15T04:52:53.908Z",
    "status": "Pending"
  }
},
{
  "model": "cart.order",
  "pk": 50,
  "fields": {
    "user": 29,
    "phone": null,
    "address": 12,
    "payment_method": "COD",
    "total": "2200.00",
    "created_at": "2026-05-23T11:40:58.762Z",
    "status": "Pending"
  }
},
{
  "model": "cart.orderitem",
  "pk": 1,
  "fields": {
    "order": 1,
    "product": 2,
    "quantity": 2,
    "price": "1399.00",
    "subtotal": "0.00"
  }
},
{
  "model": "cart.orderitem",
  "pk": 2,
  "fields": {
    "order": 2,
    "product": 3,
    "quantity": 1,
    "price": "2000.00",
    "subtotal": "0.00"
  }
},
{
  "model": "cart.orderitem",
  "pk": 3,
  "fields": {
    "order": 3,
    "product": 7,
    "quantity": 1,
    "price": "499.00",
    "subtotal": "0.00"
  }
},
{
  "model": "cart.orderitem",
  "pk": 4,
  "fields": {
    "order": 4,
    "product": 8,
    "quantity": 1,
    "price": "600.00",
    "subtotal": "0.00"
  }
},
{
  "model": "cart.orderitem",
  "pk": 5,
  "fields": {
    "order": 5,
    "product": 9,
    "quantity": 1,
    "price": "599.00",
    "subtotal": "0.00"
  }
},
{
  "model": "cart.orderitem",
  "pk": 6,
  "fields": {
    "order": 5,
    "product": 6,
    "quantity": 2,
    "price": "1599.00",
    "subtotal": "0.00"
  }
},
{
  "model": "cart.orderitem",
  "pk": 7,
  "fields": {
    "order": 5,
    "product": 7,
    "quantity": 1,
    "price": "499.00",
    "subtotal": "0.00"
  }
},
{
  "model": "cart.orderitem",
  "pk": 8,
  "fields": {
    "order": 6,
    "product": 8,
    "quantity": 1,
    "price": "600.00",
    "subtotal": "0.00"
  }
},
{
  "model": "cart.orderitem",
  "pk": 9,
  "fields": {
    "order": 8,
    "product": 8,
    "quantity": 1,
    "price": "600.00",
    "subtotal": "0.00"
  }
},
{
  "model": "cart.orderitem",
  "pk": 10,
  "fields": {
    "order": 8,
    "product": 4,
    "quantity": 1,
    "price": "700.00",
    "subtotal": "0.00"
  }
},
{
  "model": "cart.orderitem",
  "pk": 11,
  "fields": {
    "order": 8,
    "product": 7,
    "quantity": 1,
    "price": "499.00",
    "subtotal": "0.00"
  }
},
{
  "model": "cart.orderitem",
  "pk": 12,
  "fields": {
    "order": 9,
    "product": 6,
    "quantity": 1,
    "price": "1599.00",
    "subtotal": "0.00"
  }
},
{
  "model": "cart.orderitem",
  "pk": 13,
  "fields": {
    "order": 10,
    "product": 5,
    "quantity": 1,
    "price": "90.00",
    "subtotal": "0.00"
  }
},
{
  "model": "cart.orderitem",
  "pk": 14,
  "fields": {
    "order": 11,
    "product": 9,
    "quantity": 1,
    "price": "599.00",
    "subtotal": "0.00"
  }
},
{
  "model": "cart.orderitem",
  "pk": 15,
  "fields": {
    "order": 12,
    "product": 4,
    "quantity": 1,
    "price": "700.00",
    "subtotal": "0.00"
  }
},
{
  "model": "cart.orderitem",
  "pk": 16,
  "fields": {
    "order": 12,
    "product": 2,
    "quantity": 1,
    "price": "1399.00",
    "subtotal": "0.00"
  }
},
{
  "model": "cart.orderitem",
  "pk": 17,
  "fields": {
    "order": 12,
    "product": 7,
    "quantity": 1,
    "price": "499.00",
    "subtotal": "0.00"
  }
},
{
  "model": "cart.orderitem",
  "pk": 18,
  "fields": {
    "order": 12,
    "product": 6,
    "quantity": 1,
    "price": "1599.00",
    "subtotal": "0.00"
  }
},
{
  "model": "cart.orderitem",
  "pk": 19,
  "fields": {
    "order": 12,
    "product": 1,
    "quantity": 1,
    "price": "599.00",
    "subtotal": "0.00"
  }
},
{
  "model": "cart.orderitem",
  "pk": 20,
  "fields": {
    "order": 12,
    "product": 5,
    "quantity": 1,
    "price": "90.00",
    "subtotal": "0.00"
  }
},
{
  "model": "cart.orderitem",
  "pk": 21,
  "fields": {
    "order": 12,
    "product": 3,
    "quantity": 2,
    "price": "2000.00",
    "subtotal": "0.00"
  }
},
{
  "model": "cart.orderitem",
  "pk": 22,
  "fields": {
    "order": 13,
    "product": 3,
    "quantity": 1,
    "price": "2000.00",
    "subtotal": "0.00"
  }
},
{
  "model": "cart.orderitem",
  "pk": 23,
  "fields": {
    "order": 14,
    "product": 3,
    "quantity": 1,
    "price": "2000.00",
    "subtotal": "0.00"
  }
},
{
  "model": "cart.orderitem",
  "pk": 24,
  "fields": {
    "order": 15,
    "product": 4,
    "quantity": 1,
    "price": "700.00",
    "subtotal": "0.00"
  }
},
{
  "model": "cart.orderitem",
  "pk": 25,
  "fields": {
    "order": 16,
    "product": 9,
    "quantity": 1,
    "price": "599.00",
    "subtotal": "0.00"
  }
},
{
  "model": "cart.orderitem",
  "pk": 26,
  "fields": {
    "order": 17,
    "product": 2,
    "quantity": 1,
    "price": "1399.00",
    "subtotal": "0.00"
  }
},
{
  "model": "cart.orderitem",
  "pk": 27,
  "fields": {
    "order": 17,
    "product": 3,
    "quantity": 1,
    "price": "2000.00",
    "subtotal": "0.00"
  }
},
{
  "model": "cart.orderitem",
  "pk": 28,
  "fields": {
    "order": 18,
    "product": 1,
    "quantity": 2,
    "price": "599.00",
    "subtotal": "0.00"
  }
},
{
  "model": "cart.orderitem",
  "pk": 29,
  "fields": {
    "order": 19,
    "product": 3,
    "quantity": 1,
    "price": "2000.00",
    "subtotal": "0.00"
  }
},
{
  "model": "cart.orderitem",
  "pk": 30,
  "fields": {
    "order": 19,
    "product": 2,
    "quantity": 1,
    "price": "1399.00",
    "subtotal": "0.00"
  }
},
{
  "model": "cart.orderitem",
  "pk": 31,
  "fields": {
    "order": 20,
    "product": 3,
    "quantity": 1,
    "price": "2000.00",
    "subtotal": "0.00"
  }
},
{
  "model": "cart.orderitem",
  "pk": 32,
  "fields": {
    "order": 20,
    "product": 2,
    "quantity": 1,
    "price": "1399.00",
    "subtotal": "0.00"
  }
},
{
  "model": "cart.orderitem",
  "pk": 33,
  "fields": {
    "order": 20,
    "product": 1,
    "quantity": 1,
    "price": "599.00",
    "subtotal": "0.00"
  }
},
{
  "model": "cart.orderitem",
  "pk": 34,
  "fields": {
    "order": 21,
    "product": 2,
    "quantity": 1,
    "price": "1399.00",
    "subtotal": "0.00"
  }
},
{
  "model": "cart.orderitem",
  "pk": 35,
  "fields": {
    "order": 22,
    "product": 5,
    "quantity": 2,
    "price": "90.00",
    "subtotal": "0.00"
  }
},
{
  "model": "cart.orderitem",
  "pk": 36,
  "fields": {
    "order": 23,
    "product": 10,
    "quantity": 1,
    "price": "500.00",
    "subtotal": "0.00"
  }
},
{
  "model": "cart.orderitem",
  "pk": 37,
  "fields": {
    "order": 23,
    "product": 9,
    "quantity": 1,
    "price": "599.00",
    "subtotal": "0.00"
  }
},
{
  "model": "cart.orderitem",
  "pk": 38,
  "fields": {
    "order": 24,
    "product": 10,
    "quantity": 1,
    "price": "500.00",
    "subtotal": "0.00"
  }
},
{
  "model": "cart.orderitem",
  "pk": 39,
  "fields": {
    "order": 25,
    "product": 4,
    "quantity": 1,
    "price": "700.00",
    "subtotal": "0.00"
  }
},
{
  "model": "cart.orderitem",
  "pk": 40,
  "fields": {
    "order": 25,
    "product": 2,
    "quantity": 1,
    "price": "1399.00",
    "subtotal": "0.00"
  }
},
{
  "model": "cart.orderitem",
  "pk": 41,
  "fields": {
    "order": 26,
    "product": 2,
    "quantity": 1,
    "price": "1399.00",
    "subtotal": "0.00"
  }
},
{
  "model": "cart.orderitem",
  "pk": 42,
  "fields": {
    "order": 27,
    "product": 4,
    "quantity": 1,
    "price": "700.00",
    "subtotal": "0.00"
  }
},
{
  "model": "cart.orderitem",
  "pk": 43,
  "fields": {
    "order": 28,
    "product": 1,
    "quantity": 1,
    "price": "599.00",
    "subtotal": "599.00"
  }
},
{
  "model": "cart.orderitem",
  "pk": 44,
  "fields": {
    "order": 29,
    "product": 7,
    "quantity": 1,
    "price": "499.00",
    "subtotal": "499.00"
  }
},
{
  "model": "cart.orderitem",
  "pk": 45,
  "fields": {
    "order": 30,
    "product": 4,
    "quantity": 2,
    "price": "700.00",
    "subtotal": "1400.00"
  }
},
{
  "model": "cart.orderitem",
  "pk": 46,
  "fields": {
    "order": 31,
    "product": 3,
    "quantity": 1,
    "price": "2000.00",
    "subtotal": "2000.00"
  }
},
{
  "model": "cart.orderitem",
  "pk": 47,
  "fields": {
    "order": 31,
    "product": 2,
    "quantity": 1,
    "price": "1399.00",
    "subtotal": "1399.00"
  }
},
{
  "model": "cart.orderitem",
  "pk": 48,
  "fields": {
    "order": 32,
    "product": 7,
    "quantity": 3,
    "price": "499.00",
    "subtotal": "1497.00"
  }
},
{
  "model": "cart.orderitem",
  "pk": 49,
  "fields": {
    "order": 33,
    "product": 3,
    "quantity": 1,
    "price": "2000.00",
    "subtotal": "2000.00"
  }
},
{
  "model": "cart.orderitem",
  "pk": 50,
  "fields": {
    "order": 34,
    "product": 2,
    "quantity": 1,
    "price": "1399.00",
    "subtotal": "1399.00"
  }
},
{
  "model": "cart.orderitem",
  "pk": 51,
  "fields": {
    "order": 35,
    "product": 13,
    "quantity": 1,
    "price": "3000.00",
    "subtotal": "3000.00"
  }
},
{
  "model": "cart.orderitem",
  "pk": 52,
  "fields": {
    "order": 36,
    "product": 3,
    "quantity": 1,
    "price": "2000.00",
    "subtotal": "2000.00"
  }
},
{
  "model": "cart.orderitem",
  "pk": 53,
  "fields": {
    "order": 37,
    "product": 4,
    "quantity": 1,
    "price": "700.00",
    "subtotal": "700.00"
  }
},
{
  "model": "cart.orderitem",
  "pk": 54,
  "fields": {
    "order": 38,
    "product": 13,
    "quantity": 1,
    "price": "3000.00",
    "subtotal": "3000.00"
  }
},
{
  "model": "cart.orderitem",
  "pk": 55,
  "fields": {
    "order": 39,
    "product": 15,
    "quantity": 1,
    "price": "350.00",
    "subtotal": "350.00"
  }
},
{
  "model": "cart.orderitem",
  "pk": 56,
  "fields": {
    "order": 40,
    "product": 14,
    "quantity": 1,
    "price": "999.00",
    "subtotal": "999.00"
  }
},
{
  "model": "cart.orderitem",
  "pk": 58,
  "fields": {
    "order": 42,
    "product": 8,
    "quantity": 1,
    "price": "600.00",
    "subtotal": "600.00"
  }
},
{
  "model": "cart.orderitem",
  "pk": 59,
  "fields": {
    "order": 43,
    "product": 15,
    "quantity": 1,
    "price": "350.00",
    "subtotal": "350.00"
  }
},
{
  "model": "cart.orderitem",
  "pk": 60,
  "fields": {
    "order": 44,
    "product": 2,
    "quantity": 1,
    "price": "1399.00",
    "subtotal": "1399.00"
  }
},
{
  "model": "cart.orderitem",
  "pk": 61,
  "fields": {
    "order": 45,
    "product": 11,
    "quantity": 2,
    "price": "2200.00",
    "subtotal": "4400.00"
  }
},
{
  "model": "cart.orderitem",
  "pk": 62,
  "fields": {
    "order": 46,
    "product": 1,
    "quantity": 1,
    "price": "599.00",
    "subtotal": "599.00"
  }
},
{
  "model": "cart.orderitem",
  "pk": 63,
  "fields": {
    "order": 47,
    "product": 1,
    "quantity": 1,
    "price": "599.00",
    "subtotal": "599.00"
  }
},
{
  "model": "cart.orderitem",
  "pk": 64,
  "fields": {
    "order": 48,
    "product": 4,
    "quantity": 1,
    "price": "700.00",
    "subtotal": "700.00"
  }
},
{
  "model": "cart.orderitem",
  "pk": 65,
  "fields": {
    "order": 49,
    "product": 13,
    "quantity": 1,
    "price": "3000.00",
    "subtotal": "3000.00"
  }
},
{
  "model": "cart.orderitem",
  "pk": 66,
  "fields": {
    "order": 49,
    "product": 15,
    "quantity": 2,
    "price": "350.00",
    "subtotal": "700.00"
  }
},
{
  "model": "cart.orderitem",
  "pk": 67,
  "fields": {
    "order": 49,
    "product": 11,
    "quantity": 1,
    "price": "2200.00",
    "subtotal": "2200.00"
  }
},
{
  "model": "cart.orderitem",
  "pk": 68,
  "fields": {
    "order": 50,
    "product": 11,
    "quantity": 1,
    "price": "2200.00",
    "subtotal": "2200.00"
  }
},
{
  "model": "core.sellerprofile",
  "pk": 1,
  "fields": {
    "user": 6,
    "full_name": "",
    "store_name": "",
    "location": "",
    "bio": "an artist of handmade knitting items",
    "profile_picture": "profile_pics/handbag.jpeg",
    "rating": 4.0
  }
},
{
  "model": "core.sellerprofile",
  "pk": 2,
  "fields": {
    "user": 5,
    "full_name": "",
    "store_name": "",
    "location": "",
    "bio": "kalamkari artist",
    "profile_picture": "profile_pics/kalamkarisaree.jpeg",
    "rating": 5.0
  }
},
{
  "model": "core.sellerprofile",
  "pk": 3,
  "fields": {
    "user": 2,
    "full_name": "gayathri",
    "store_name": "kala_store",
    "location": "chimakurthy",
    "bio": "painter",
    "profile_picture": "profile_pics/painting.jpeg",
    "rating": 5.0
  }
},
{
  "model": "core.sellerprofile",
  "pk": 4,
  "fields": {
    "user": 4,
    "full_name": "",
    "store_name": "",
    "location": "",
    "bio": "a professional wall artist",
    "profile_picture": "profile_pics/wallart.jpeg",
    "rating": 5.0
  }
},
{
  "model": "core.sellerprofile",
  "pk": 5,
  "fields": {
    "user": 7,
    "full_name": "",
    "store_name": "",
    "location": "",
    "bio": "clay artist",
    "profile_picture": "profile_pics/claylamp.jpeg",
    "rating": 4.0
  }
},
{
  "model": "core.sellerprofile",
  "pk": 6,
  "fields": {
    "user": 9,
    "full_name": "",
    "store_name": "",
    "location": "",
    "bio": "marble artist",
    "profile_picture": "profile_pics/marbleart.jpeg",
    "rating": 4.5
  }
},
{
  "model": "core.sellerprofile",
  "pk": 7,
  "fields": {
    "user": 13,
    "full_name": "",
    "store_name": "",
    "location": "",
    "bio": "",
    "profile_picture": "",
    "rating": 0.0
  }
},
{
  "model": "core.sellerprofile",
  "pk": 8,
  "fields": {
    "user": 11,
    "full_name": "durga",
    "store_name": "durga_store",
    "location": "ongole",
    "bio": "local artist",
    "profile_picture": "profile_pics/Creativity_Inc.jpg",
    "rating": 0.0
  }
},
{
  "model": "core.sellerprofile",
  "pk": 9,
  "fields": {
    "user": 14,
    "full_name": "pavani dontula",
    "store_name": "pavani_store",
    "location": "ong",
    "bio": "saree lover",
    "profile_picture": "profile_pics/_8adc4cb4-9012-437f-9704-b38058802834.jpeg",
    "rating": 0.0
  }
},
{
  "model": "core.sellerprofile",
  "pk": 10,
  "fields": {
    "user": 20,
    "full_name": "priyanka",
    "store_name": "priya_made",
    "location": "chirala",
    "bio": "",
    "profile_picture": "profile_pics/images.jpeg",
    "rating": 0.0
  }
},
{
  "model": "core.sellerprofile",
  "pk": 11,
  "fields": {
    "user": 21,
    "full_name": "vijayalakshmi",
    "store_name": "vijaya_arts",
    "location": "chimakurthy",
    "bio": "made with pure sandlewood",
    "profile_picture": "profile_pics/wooden_ganesh.jpeg",
    "rating": 0.0
  }
},
{
  "model": "core.sellerprofile",
  "pk": 12,
  "fields": {
    "user": 23,
    "full_name": "thulasi_kalva",
    "store_name": "thulasi_store",
    "location": "ongole",
    "bio": "",
    "profile_picture": "profile_pics/_8adc4cb4-9012-437f-9704-b38058802834_mHEwR3B.jpeg",
    "rating": 0.0
  }
},
{
  "model": "core.sellerprofile",
  "pk": 13,
  "fields": {
    "user": 24,
    "full_name": "pavani dontula",
    "store_name": "pavanistore",
    "location": "ong",
    "bio": "",
    "profile_picture": "",
    "rating": 0.0
  }
},
{
  "model": "core.sellerprofile",
  "pk": 14,
  "fields": {
    "user": 25,
    "full_name": "ganesh",
    "store_name": "text",
    "location": "ongole",
    "bio": "nothing",
    "profile_picture": "",
    "rating": 0.0
  }
},
{
  "model": "core.sellerprofile",
  "pk": 15,
  "fields": {
    "user": 22,
    "full_name": "pavani dontula",
    "store_name": "pavanistoree",
    "location": "ongole",
    "bio": "",
    "profile_picture": "",
    "rating": 0.0
  }
},
{
  "model": "core.category",
  "pk": 1,
  "fields": {
    "name": "knitting"
  }
},
{
  "model": "core.category",
  "pk": 2,
  "fields": {
    "name": "clothing"
  }
},
{
  "model": "core.category",
  "pk": 3,
  "fields": {
    "name": "painting"
  }
},
{
  "model": "core.category",
  "pk": 4,
  "fields": {
    "name": "wall art"
  }
},
{
  "model": "core.category",
  "pk": 5,
  "fields": {
    "name": "clay arts"
  }
},
{
  "model": "core.category",
  "pk": 6,
  "fields": {
    "name": "marble arts"
  }
},
{
  "model": "core.category",
  "pk": 7,
  "fields": {
    "name": "wooden art"
  }
},
{
  "model": "core.category",
  "pk": 8,
  "fields": {
    "name": "Embroidery"
  }
},
{
  "model": "core.category",
  "pk": 9,
  "fields": {
    "name": "Jewelry"
  }
},
{
  "model": "core.category",
  "pk": 10,
  "fields": {
    "name": "Handloom"
  }
},
{
  "model": "core.category",
  "pk": 11,
  "fields": {
    "name": "Metal Crafts"
  }
},
{
  "model": "core.category",
  "pk": 12,
  "fields": {
    "name": "Sculpture"
  }
},
{
  "model": "core.region",
  "pk": 1,
  "fields": {
    "name": "Andhra Pradesh",
    "image": "region_images/andhrapradesh.jpeg"
  }
},
{
  "model": "core.region",
  "pk": 2,
  "fields": {
    "name": "Tamilnadu",
    "image": "region_images/tamilnadu.jpeg"
  }
},
{
  "model": "core.region",
  "pk": 3,
  "fields": {
    "name": "Karnataka",
    "image": "region_images/karnataka.jpeg"
  }
},
{
  "model": "core.region",
  "pk": 4,
  "fields": {
    "name": "Telangana",
    "image": "region_images/telangana.jpeg"
  }
},
{
  "model": "core.region",
  "pk": 5,
  "fields": {
    "name": "Maharashtra",
    "image": "region_images/maharastra.jpeg"
  }
},
{
  "model": "core.region",
  "pk": 6,
  "fields": {
    "name": "kerala",
    "image": "region_images/kerala.jpeg"
  }
},
{
  "model": "core.region",
  "pk": 7,
  "fields": {
    "name": "Gujarat",
    "image": "region_images/gujarat.jpeg"
  }
},
{
  "model": "core.region",
  "pk": 8,
  "fields": {
    "name": "WestBengal",
    "image": "region_images/westbengal.jpeg"
  }
},
{
  "model": "core.product",
  "pk": 1,
  "fields": {
    "seller": 1,
    "name": "handbag",
    "description": "a handmade knitted woollen handbag",
    "price": "599.00",
    "mrp": null,
    "material": null,
    "color": null,
    "quantity": null,
    "image": "product_images/handbag.jpeg",
    "category": 1,
    "region": 3,
    "created_at": "2025-08-13T16:47:46.057Z"
  }
},
{
  "model": "core.product",
  "pk": 2,
  "fields": {
    "seller": 2,
    "name": "kalamakari saree",
    "description": "a kalamkari handpanited saree",
    "price": "1399.00",
    "mrp": null,
    "material": null,
    "color": null,
    "quantity": null,
    "image": "product_images/kalamkarisaree.jpeg",
    "category": 2,
    "region": 1,
    "created_at": "2025-08-13T17:08:07.165Z"
  }
},
{
  "model": "core.product",
  "pk": 3,
  "fields": {
    "seller": 3,
    "name": "buddha painting",
    "description": "a painting of buddha",
    "price": "2000.00",
    "mrp": null,
    "material": null,
    "color": null,
    "quantity": null,
    "image": "product_images/painting.jpeg",
    "category": 3,
    "region": 7,
    "created_at": "2025-08-13T17:09:13.705Z"
  }
},
{
  "model": "core.product",
  "pk": 4,
  "fields": {
    "seller": 4,
    "name": "ganapathi wall art",
    "description": "a beautiful modern wall art",
    "price": "700.00",
    "mrp": null,
    "material": null,
    "color": null,
    "quantity": null,
    "image": "product_images/wallart.jpeg",
    "category": 4,
    "region": 5,
    "created_at": "2025-08-13T17:12:09.587Z"
  }
},
{
  "model": "core.product",
  "pk": 5,
  "fields": {
    "seller": 5,
    "name": "clay lamp",
    "description": "handmade clay lamp",
    "price": "90.00",
    "mrp": null,
    "material": null,
    "color": null,
    "quantity": null,
    "image": "product_images/claylamp.jpeg",
    "category": 5,
    "region": 1,
    "created_at": "2025-08-13T17:19:27.092Z"
  }
},
{
  "model": "core.product",
  "pk": 6,
  "fields": {
    "seller": 6,
    "name": "flower vas",
    "description": "a beautiful marble art",
    "price": "1599.00",
    "mrp": null,
    "material": null,
    "color": null,
    "quantity": null,
    "image": "product_images/marbleart.jpeg",
    "category": 6,
    "region": 8,
    "created_at": "2025-08-13T17:21:13.742Z"
  }
},
{
  "model": "core.product",
  "pk": 7,
  "fields": {
    "seller": 1,
    "name": "hat",
    "description": "handmade knitted hat",
    "price": "499.00",
    "mrp": null,
    "material": "woolen",
    "color": "light pink",
    "quantity": "1",
    "image": "product_images/hat.jpeg",
    "category": 1,
    "region": 6,
    "created_at": "2025-08-13T17:22:09.067Z"
  }
},
{
  "model": "core.product",
  "pk": 8,
  "fields": {
    "seller": 1,
    "name": "wooden kitchen items",
    "description": "handcrafted wooden kitchen items",
    "price": "600.00",
    "mrp": null,
    "material": "wooden",
    "color": "brown",
    "quantity": "1",
    "image": "product_images/woodenart.jpeg",
    "category": 7,
    "region": 2,
    "created_at": "2025-08-14T08:45:49.076Z"
  }
},
{
  "model": "core.product",
  "pk": 9,
  "fields": {
    "seller": 2,
    "name": "terracotpot",
    "description": "a handmade terracotpot",
    "price": "599.00",
    "mrp": null,
    "material": "clay",
    "color": "reddish brown",
    "quantity": "1",
    "image": "product_images/terracot1.jpg",
    "category": 5,
    "region": 1,
    "created_at": "2025-08-14T09:19:32.405Z"
  }
},
{
  "model": "core.product",
  "pk": 10,
  "fields": {
    "seller": 1,
    "name": "elephant  clay doll",
    "description": "beautiful handmade elephant with clay",
    "price": "500.00",
    "mrp": null,
    "material": "clay",
    "color": "brown",
    "quantity": "1",
    "image": "product_images/westbengal.jpeg",
    "category": 5,
    "region": 4,
    "created_at": "2025-08-22T04:54:57.913Z"
  }
},
{
  "model": "core.product",
  "pk": 11,
  "fields": {
    "seller": 9,
    "name": "pattu saree",
    "description": "hand weaved pure pattu",
    "price": "2200.00",
    "mrp": "2400.00",
    "material": "pattu",
    "color": "gold and pink",
    "quantity": "1",
    "image": "product_images/pattusaree.jpeg",
    "category": 2,
    "region": 2,
    "created_at": "2025-10-21T14:05:09.950Z"
  }
},
{
  "model": "core.product",
  "pk": 13,
  "fields": {
    "seller": 9,
    "name": "kanchipattu saree",
    "description": "pure kanichipattu saree",
    "price": "3000.00",
    "mrp": "3500.00",
    "material": "kanchipattu",
    "color": "violet",
    "quantity": "1",
    "image": "product_images/kanchipattusaree.jpeg",
    "category": 2,
    "region": 2,
    "created_at": "2025-10-21T14:11:21.527Z"
  }
},
{
  "model": "core.product",
  "pk": 14,
  "fields": {
    "seller": 10,
    "name": "stone saraswathi idol",
    "description": "white stone hand made idol",
    "price": "999.00",
    "mrp": "1100.00",
    "material": "stone",
    "color": "white",
    "quantity": "1",
    "image": "product_images/stoneart.jpeg",
    "category": 6,
    "region": 3,
    "created_at": "2025-10-22T05:38:56.341Z"
  }
},
{
  "model": "core.product",
  "pk": 15,
  "fields": {
    "seller": 11,
    "name": "sandlewood ganesh",
    "description": "pure sandlewood and waterproof",
    "price": "350.00",
    "mrp": "400.00",
    "material": "wooden",
    "color": "sandle",
    "quantity": "4",
    "image": "product_images/wooden_ganesh.jpeg",
    "category": 7,
    "region": 1,
    "created_at": "2025-10-22T05:59:35.111Z"
  }
},
{
  "model": "core.userprofile",
  "pk": 1,
  "fields": {
    "user": 3,
    "phone": "8309836008",
    "address": null,
    "profile_picture": "",
    "updated_at": "2025-10-20T10:19:51.920Z",
    "gender": "Female",
    "account_type": "Buyer"
  }
},
{
  "model": "core.userprofile",
  "pk": 2,
  "fields": {
    "user": 4,
    "phone": "8688408742",
    "address": null,
    "profile_picture": "",
    "updated_at": "2025-10-20T10:19:51.920Z",
    "gender": "Female",
    "account_type": "Buyer"
  }
},
{
  "model": "core.userprofile",
  "pk": 3,
  "fields": {
    "user": 5,
    "phone": "8688408742",
    "address": null,
    "profile_picture": "",
    "updated_at": "2025-10-20T10:19:51.920Z",
    "gender": "Female",
    "account_type": "Buyer"
  }
},
{
  "model": "core.userprofile",
  "pk": 4,
  "fields": {
    "user": 6,
    "phone": "8309836008",
    "address": null,
    "profile_picture": "",
    "updated_at": "2025-10-21T05:04:21.436Z",
    "gender": "Female",
    "account_type": "Seller"
  }
},
{
  "model": "core.userprofile",
  "pk": 5,
  "fields": {
    "user": 7,
    "phone": "8688408742",
    "address": null,
    "profile_picture": "",
    "updated_at": "2025-10-20T10:19:51.920Z",
    "gender": "Female",
    "account_type": "Buyer"
  }
},
{
  "model": "core.userprofile",
  "pk": 6,
  "fields": {
    "user": 8,
    "phone": "8688408742",
    "address": null,
    "profile_picture": "",
    "updated_at": "2025-10-20T10:19:51.920Z",
    "gender": "Male",
    "account_type": "Buyer"
  }
},
{
  "model": "core.userprofile",
  "pk": 7,
  "fields": {
    "user": 10,
    "phone": "9553637008",
    "address": null,
    "profile_picture": "",
    "updated_at": "2025-10-20T10:19:51.920Z",
    "gender": "Female",
    "account_type": "Buyer"
  }
},
{
  "model": "core.userprofile",
  "pk": 8,
  "fields": {
    "user": 11,
    "phone": "8688408742",
    "address": null,
    "profile_picture": "",
    "updated_at": "2025-10-20T10:19:51.920Z",
    "gender": "Female",
    "account_type": "Buyer"
  }
},
{
  "model": "core.userprofile",
  "pk": 9,
  "fields": {
    "user": 12,
    "phone": "8309836008",
    "address": null,
    "profile_picture": "",
    "updated_at": "2025-10-20T10:19:51.920Z",
    "gender": "female",
    "account_type": "buyer"
  }
},
{
  "model": "core.userprofile",
  "pk": 10,
  "fields": {
    "user": 13,
    "phone": "8309836008",
    "address": null,
    "profile_picture": "",
    "updated_at": "2025-10-20T10:19:51.920Z",
    "gender": "female",
    "account_type": "buyer"
  }
},
{
  "model": "core.userprofile",
  "pk": 11,
  "fields": {
    "user": 1,
    "phone": null,
    "address": null,
    "profile_picture": "",
    "updated_at": "2025-10-20T10:19:51.920Z",
    "gender": null,
    "account_type": null
  }
},
{
  "model": "core.userprofile",
  "pk": 12,
  "fields": {
    "user": 2,
    "phone": "8309836008",
    "address": "",
    "profile_picture": "profile_pics/download_TF7ofQm.jpeg",
    "updated_at": "2025-11-14T16:24:37.872Z",
    "gender": null,
    "account_type": null
  }
},
{
  "model": "core.userprofile",
  "pk": 13,
  "fields": {
    "user": 9,
    "phone": null,
    "address": null,
    "profile_picture": "",
    "updated_at": "2025-10-20T10:19:51.920Z",
    "gender": null,
    "account_type": null
  }
},
{
  "model": "core.userprofile",
  "pk": 14,
  "fields": {
    "user": 14,
    "phone": "6309242479",
    "address": null,
    "profile_picture": "profile_pics/download_FewUmbq.jpeg",
    "updated_at": "2025-10-21T13:54:56.733Z",
    "gender": "female",
    "account_type": "buyer"
  }
},
{
  "model": "core.userprofile",
  "pk": 15,
  "fields": {
    "user": 15,
    "phone": "6309242479",
    "address": null,
    "profile_picture": "",
    "updated_at": "2025-10-22T04:56:12.356Z",
    "gender": "female",
    "account_type": "buyer"
  }
},
{
  "model": "core.userprofile",
  "pk": 16,
  "fields": {
    "user": 16,
    "phone": "6309242479",
    "address": null,
    "profile_picture": "",
    "updated_at": "2025-10-22T04:59:34.933Z",
    "gender": "female",
    "account_type": "buyer"
  }
},
{
  "model": "core.userprofile",
  "pk": 17,
  "fields": {
    "user": 17,
    "phone": "8309836008",
    "address": null,
    "profile_picture": "",
    "updated_at": "2025-10-22T05:09:09.587Z",
    "gender": "female",
    "account_type": "buyer"
  }
},
{
  "model": "core.userprofile",
  "pk": 18,
  "fields": {
    "user": 18,
    "phone": "8309836008",
    "address": null,
    "profile_picture": "",
    "updated_at": "2025-10-22T05:13:53.800Z",
    "gender": "female",
    "account_type": "buyer"
  }
},
{
  "model": "core.userprofile",
  "pk": 19,
  "fields": {
    "user": 19,
    "phone": "8309836008",
    "address": null,
    "profile_picture": "",
    "updated_at": "2025-10-22T05:21:26.134Z",
    "gender": "female",
    "account_type": "buyer"
  }
},
{
  "model": "core.userprofile",
  "pk": 20,
  "fields": {
    "user": 20,
    "phone": "8309836008",
    "address": null,
    "profile_picture": "",
    "updated_at": "2025-10-22T05:25:30.638Z",
    "gender": "female",
    "account_type": "buyer"
  }
},
{
  "model": "core.userprofile",
  "pk": 21,
  "fields": {
    "user": 21,
    "phone": "6309242479",
    "address": null,
    "profile_picture": "",
    "updated_at": "2025-10-22T05:46:26.608Z",
    "gender": "female",
    "account_type": "buyer"
  }
},
{
  "model": "core.userprofile",
  "pk": 22,
  "fields": {
    "user": 22,
    "phone": "6309242479",
    "address": null,
    "profile_picture": "",
    "updated_at": "2025-10-23T09:35:18.189Z",
    "gender": "female",
    "account_type": "buyer"
  }
},
{
  "model": "core.userprofile",
  "pk": 23,
  "fields": {
    "user": 23,
    "phone": "6309242479",
    "address": null,
    "profile_picture": "",
    "updated_at": "2025-10-23T08:45:22.666Z",
    "gender": "female",
    "account_type": "seller"
  }
},
{
  "model": "core.userprofile",
  "pk": 24,
  "fields": {
    "user": 24,
    "phone": "8309835597",
    "address": null,
    "profile_picture": "",
    "updated_at": "2025-10-23T09:09:31.514Z",
    "gender": "male",
    "account_type": "seller"
  }
},
{
  "model": "core.userprofile",
  "pk": 25,
  "fields": {
    "user": 25,
    "phone": "134567",
    "address": null,
    "profile_picture": "",
    "updated_at": "2025-10-23T09:21:22.520Z",
    "gender": "male",
    "account_type": "seller"
  }
},
{
  "model": "core.userprofile",
  "pk": 26,
  "fields": {
    "user": 26,
    "phone": "6309242479",
    "address": null,
    "profile_picture": "",
    "updated_at": "2025-10-27T10:21:21.519Z",
    "gender": "female",
    "account_type": "buyer"
  }
},
{
  "model": "core.userprofile",
  "pk": 27,
  "fields": {
    "user": 27,
    "phone": "8309836008",
    "address": null,
    "profile_picture": "",
    "updated_at": "2025-11-15T04:48:29.418Z",
    "gender": "male",
    "account_type": "buyer"
  }
},
{
  "model": "core.userprofile",
  "pk": 28,
  "fields": {
    "user": 28,
    "phone": "8309836008",
    "address": null,
    "profile_picture": "",
    "updated_at": "2025-11-15T04:50:01.207Z",
    "gender": "male",
    "account_type": "buyer"
  }
},
{
  "model": "core.userprofile",
  "pk": 29,
  "fields": {
    "user": 29,
    "phone": "8309836008",
    "address": null,
    "profile_picture": "",
    "updated_at": "2026-05-23T11:36:24.178Z",
    "gender": "female",
    "account_type": "buyer"
  }
},
{
  "model": "core.profile",
  "pk": 1,
  "fields": {
    "user": 14,
    "phone": "",
    "address": "",
    "profile_picture": ""
  }
},
{
  "model": "core.profile",
  "pk": 2,
  "fields": {
    "user": 15,
    "phone": "",
    "address": "",
    "profile_picture": ""
  }
},
{
  "model": "core.profile",
  "pk": 3,
  "fields": {
    "user": 16,
    "phone": "",
    "address": "",
    "profile_picture": ""
  }
},
{
  "model": "core.profile",
  "pk": 4,
  "fields": {
    "user": 17,
    "phone": "",
    "address": "",
    "profile_picture": ""
  }
},
{
  "model": "core.profile",
  "pk": 5,
  "fields": {
    "user": 18,
    "phone": "",
    "address": "",
    "profile_picture": ""
  }
},
{
  "model": "core.profile",
  "pk": 6,
  "fields": {
    "user": 19,
    "phone": "",
    "address": "",
    "profile_picture": ""
  }
},
{
  "model": "core.profile",
  "pk": 7,
  "fields": {
    "user": 20,
    "phone": "",
    "address": "",
    "profile_picture": ""
  }
},
{
  "model": "core.profile",
  "pk": 8,
  "fields": {
    "user": 21,
    "phone": "",
    "address": "",
    "profile_picture": ""
  }
},
{
  "model": "core.profile",
  "pk": 9,
  "fields": {
    "user": 22,
    "phone": "",
    "address": "",
    "profile_picture": ""
  }
},
{
  "model": "core.profile",
  "pk": 10,
  "fields": {
    "user": 23,
    "phone": "",
    "address": "",
    "profile_picture": ""
  }
},
{
  "model": "core.profile",
  "pk": 11,
  "fields": {
    "user": 24,
    "phone": "",
    "address": "",
    "profile_picture": ""
  }
},
{
  "model": "core.profile",
  "pk": 12,
  "fields": {
    "user": 25,
    "phone": "",
    "address": "",
    "profile_picture": ""
  }
},
{
  "model": "core.profile",
  "pk": 13,
  "fields": {
    "user": 26,
    "phone": "",
    "address": "",
    "profile_picture": ""
  }
},
{
  "model": "core.profile",
  "pk": 14,
  "fields": {
    "user": 27,
    "phone": "",
    "address": "",
    "profile_picture": ""
  }
},
{
  "model": "core.profile",
  "pk": 15,
  "fields": {
    "user": 28,
    "phone": "",
    "address": "",
    "profile_picture": ""
  }
},
{
  "model": "core.profile",
  "pk": 16,
  "fields": {
    "user": 29,
    "phone": "",
    "address": "",
    "profile_picture": ""
  }
}
]
